CaseName,Zone,Energy_Price_p1,PJM_Capacity_Price_p1,NJ_Clean_Capacity_Price_p1,EAC_Price_p1,MinCap_Price_p1,Export_Credit_p1,Total_Price_p1,Energy_Price_p2,PJM_Capacity_Price_p2,NJ_Clean_Capacity_Price_p2,EAC_Price_p2,MinCap_Price_p2,Export_Credit_p2,Total_Price_p2,Energy_Price_p3,PJM_Capacity_Price_p3,NJ_Clean_Capacity_Price_p3,EAC_Price_p3,MinCap_Price_p3,Export_Credit_p3,Total_Price_p3
base_cesccstech,NJ,28.27,25.21,0.0,0.0,0.0,6.48,47.0,37.21,32.87,0.0,0.0,0.0,13.26,56.82,28.29,37.84,73.24,0.0,0.0,16.85,122.52
base_cesinccsret,NJ,28.14,27.66,0.0,0.0,0.0,6.63,49.18,37.83,32.9,0.0,0.0,0.0,11.75,58.98,31.55,43.34,30.52,0.0,0.0,13.98,91.43
base_base,NJ,28.19,26.09,0.0,0.0,0.0,6.56,47.71,37.83,32.87,0.0,-0.0,0.0,11.69,59.01,33.96,41.19,0.0,0.0,0.0,14.09,61.06
base_cesincccstech,NJ,28.29,25.04,0.0,0.0,0.0,6.43,46.9,37.26,32.64,0.0,0.0,0.0,13.25,56.65,32.66,40.05,31.74,0.0,0.0,16.03,88.42
base_cesccstechnuc45,NJ,28.29,25.04,0.0,0.0,0.0,6.43,46.9,37.26,32.64,0.0,0.0,0.0,13.25,56.65,28.25,37.94,73.31,0.0,0.0,16.85,122.65
base_cesccsret,NJ,28.14,27.57,0.0,0.0,0.0,6.62,49.09,37.84,32.9,0.0,0.0,0.0,11.75,58.99,27.81,41.32,70.7,0.0,0.0,16.26,123.58
base_cesccstechnuc35,NJ,28.27,25.21,0.0,0.0,0.0,6.48,47.0,36.76,32.4,0.0,0.0,0.0,14.93,54.22,28.28,37.91,73.31,0.0,0.0,17.04,122.46
base_cesccs,NJ,28.2,26.04,0.0,0.0,0.0,6.55,47.69,37.84,32.88,0.0,0.0,0.0,11.73,58.99,29.31,37.74,72.25,0.0,0.0,16.65,122.64
base_cesinstate50,NJ,28.19,26.09,0.0,0.0,0.0,6.56,47.72,37.84,32.78,0.0,0.0,0.0,11.64,58.98,34.89,40.95,0.0,0.0,0.0,15.88,59.96
base_cesincccs,NJ,28.19,26.12,0.0,0.0,0.0,6.56,47.76,37.85,32.67,0.0,0.0,0.0,11.6,58.92,33.22,40.23,30.87,0.0,0.0,13.69,90.63
base_ces,NJ,28.2,26.04,0.0,0.0,0.0,6.55,47.69,37.84,32.88,0.0,0.0,0.0,11.73,58.99,33.98,41.13,0.0,0.0,0.0,14.09,61.03
base_cesccstechret,NJ,28.28,25.05,0.0,0.0,0.0,6.45,46.88,37.23,32.69,0.0,0.0,0.0,13.23,56.7,27.1,41.76,71.11,0.0,0.0,16.97,123.0
base_cesincccstechinstate,NJ,28.29,25.04,0.0,0.0,0.0,6.43,46.9,37.26,32.24,0.0,0.0,0.0,13.21,56.29,30.39,40.47,35.67,0.0,0.0,19.11,87.42
lds_cesccstech,NJ,28.29,25.06,0.0,0.0,0.0,6.41,46.93,37.22,32.79,0.0,0.0,0.0,13.24,56.77,29.26,38.8,67.64,0.0,0.0,17.34,118.37
lds_cesccstechnuc45,NJ,28.37,22.03,0.0,0.0,0.0,6.26,44.13,37.55,29.36,0.0,0.01,0.0,12.89,54.03,30.18,34.28,65.79,0.05,0.0,16.49,113.8
lds_cesincccs,NJ,28.14,27.56,0.0,0.0,0.0,6.62,49.07,37.84,32.73,0.0,0.0,0.0,11.64,58.94,33.3,40.08,29.63,0.0,0.0,13.95,89.05
lds_base,NJ,28.18,26.15,0.0,0.0,0.0,6.55,47.78,37.82,32.81,0.0,0.0,0.0,11.63,59.01,33.95,41.29,0.0,0.0,0.0,14.07,61.18
lds_ces,NJ,28.39,20.0,0.0,0.0,0.0,6.2,42.19,38.21,29.77,0.0,0.01,0.0,10.47,57.52,34.33,40.83,0.0,0.05,0.0,13.69,61.52
lds_cesincccstech,NJ,28.28,25.06,0.0,0.0,0.0,6.42,46.92,37.23,32.69,0.0,0.0,0.0,13.22,56.7,32.82,40.26,30.69,0.01,0.0,15.89,87.88
lds_cesccstechnuc35,NJ,28.27,25.41,0.0,0.0,0.0,6.47,47.21,36.76,32.43,0.0,0.0,0.0,14.95,54.24,29.32,38.71,67.64,-0.0,0.0,17.57,118.1
lds_cesincccstechinstate,NJ,28.22,25.62,0.0,0.0,0.0,6.51,47.33,37.25,32.42,0.0,0.0,0.0,13.24,56.42,31.29,40.56,33.96,0.0,0.0,18.83,86.98
lds_cesccs,NJ,28.17,26.13,0.0,0.0,0.0,6.61,47.69,37.83,32.8,0.0,0.0,0.0,11.66,58.97,29.83,38.45,67.62,0.0,0.0,15.81,120.09
lds_cesinstate50,NJ,28.22,25.96,0.0,0.0,0.0,6.55,47.63,37.84,32.69,0.0,0.0,0.0,11.58,58.95,34.9,40.94,0.0,0.0,0.0,15.86,59.98
lds_cesccsret,NJ,28.51,18.9,0.0,0.0,0.0,6.27,41.14,38.03,30.26,0.0,0.0,0.0,10.45,57.84,29.63,39.66,62.5,0.0,0.0,14.89,116.9
highambition_cesinstate50,NJ,28.19,26.13,0.0,0.0,0.0,6.58,47.75,37.83,32.79,0.0,0.0,0.0,11.63,58.99,34.9,40.9,0.0,0.0,0.0,15.88,59.92
highambition_cesccstech,NJ,28.29,25.04,0.0,0.0,0.0,6.43,46.9,37.26,32.64,0.0,0.0,0.0,13.25,56.65,28.28,37.83,73.35,0.0,0.0,16.84,122.62
highambition_base,NJ,27.2,19.8,0.0,0.0,0.0,6.75,40.25,32.53,36.23,0.0,0.0,0.0,6.7,62.06,31.69,43.31,0.0,0.2,0.0,4.83,70.37
highambition_cesincccstechinstate,NJ,27.2,18.69,0.0,0.0,0.0,6.71,39.19,31.92,36.36,0.0,0.0,0.0,9.12,59.16,30.1,42.99,23.8,7.56,0.0,7.94,96.51
highambition_cesccstechret,NJ,28.23,25.65,0.0,0.0,0.0,6.54,47.34,37.21,32.77,0.0,0.0,0.0,13.26,56.73,27.1,41.75,71.1,0.0,0.0,17.02,122.92
highambition_ces,NJ,27.2,19.77,0.0,0.0,0.0,6.75,40.22,32.62,35.96,0.0,0.0,0.0,6.72,61.86,31.72,43.26,0.0,9.0,0.0,4.79,79.19
highambition_cesincccs,NJ,27.2,19.77,0.0,0.0,0.0,6.75,40.22,32.58,36.06,0.0,0.0,0.0,6.71,61.93,29.02,41.64,33.84,0.0,0.0,5.69,98.82
highambition_cesincccstech,NJ,27.2,18.69,0.0,0.0,0.0,6.71,39.19,31.83,36.83,0.0,0.0,0.0,9.09,59.56,30.4,43.14,0.85,7.82,0.0,7.59,74.61
highambition_cesinccsret,NJ,27.2,19.77,0.0,0.0,0.0,6.75,40.22,32.58,36.06,0.0,0.0,0.0,6.71,61.92,26.55,46.71,32.68,0.0,0.0,6.02,99.91
highambition_cesccstechnuc35,NJ,28.29,25.04,0.0,0.0,0.0,6.43,46.9,36.72,32.61,0.0,0.0,0.0,14.94,54.4,28.23,37.97,73.2,-0.0,0.0,16.92,122.49
highambition_cesccs,NJ,28.22,25.94,0.0,0.0,0.0,6.54,47.61,37.85,32.72,0.0,0.0,0.0,11.63,58.93,29.19,37.97,72.31,0.0,0.0,17.13,122.34
highambition_cesccstechnuc45,NJ,28.29,25.04,0.0,0.0,0.0,6.43,46.9,37.26,32.64,0.0,0.0,0.0,13.25,56.65,28.25,37.94,73.31,0.0,0.0,16.85,122.65
highng_cesccs,NJ,34.22,27.11,0.0,0.0,0.0,7.91,53.42,45.58,32.66,0.0,0.0,0.0,16.55,61.69,34.92,38.88,62.02,0.0,0.0,20.75,115.07
highng_cesincccs,NJ,34.22,27.03,0.0,0.0,0.0,7.91,53.35,45.58,32.67,0.0,0.0,0.0,16.55,61.7,38.89,40.84,25.06,0.0,0.0,17.71,87.08
highng_cesincccstechinstate,NJ,34.43,24.22,0.0,0.0,0.0,7.54,51.1,44.84,32.38,0.0,0.0,0.0,17.97,59.25,36.35,41.06,30.38,0.0,0.0,24.43,83.36
highng_cesinstate50,NJ,34.22,25.95,0.0,0.0,0.0,7.9,52.27,45.57,32.58,0.0,0.0,0.0,16.47,61.68,41.01,41.58,0.0,-0.0,0.0,19.31,63.28
highng_cesccstechret,NJ,34.34,24.91,0.0,0.0,0.0,7.73,51.52,44.81,32.41,0.0,0.0,0.0,17.95,59.27,32.39,42.84,61.47,0.0,0.0,21.02,115.68
highng_cesccstech,NJ,34.36,24.87,0.0,0.0,0.0,7.67,51.55,44.88,32.21,0.0,0.0,0.0,17.97,59.11,33.71,38.86,63.47,-0.0,0.0,21.29,114.74
highng_base,NJ,34.23,26.01,0.0,0.0,0.0,7.92,52.32,45.59,32.64,0.0,0.0,0.0,16.54,61.69,40.4,41.96,0.0,0.0,0.0,18.2,64.16
highng_cesccstechnuc35,NJ,34.36,24.87,0.0,0.0,0.0,7.67,51.55,44.51,32.01,0.0,0.0,0.0,19.08,57.44,33.71,38.78,63.52,0.0,0.0,21.13,114.88
highng_cesccstechnuc45,NJ,34.36,24.7,0.0,0.0,0.0,7.65,51.41,44.82,32.59,0.0,0.0,0.0,18.05,59.37,33.72,38.78,63.46,0.0,0.0,21.32,114.65
highng_ces,NJ,34.22,27.11,0.0,0.0,0.0,7.91,53.42,45.58,32.66,0.0,0.0,0.0,16.55,61.69,40.41,41.91,0.0,0.0,0.0,18.21,64.1
highng_cesinccsret,NJ,34.24,26.92,0.0,0.0,0.0,7.93,53.23,45.59,32.62,0.0,0.0,0.0,16.54,61.67,37.07,44.14,24.73,0.0,0.0,17.32,88.62
highng_cesincccstech,NJ,34.36,24.87,0.0,0.0,0.0,7.67,51.55,44.88,32.21,0.0,0.0,0.0,17.97,59.11,38.55,40.72,25.73,-0.0,0.0,18.84,86.16
lowambition_ces,NJ,33.23,44.51,0.0,0.0,0.0,9.19,68.55,39.54,31.74,0.0,0.0,0.0,15.91,55.38,35.43,40.3,0.0,0.0,0.0,17.96,57.77
lowambition_cesincccstechinstate,NJ,33.25,44.4,0.0,0.0,0.0,9.17,68.48,38.8,31.55,0.0,0.0,0.0,16.77,53.59,32.21,39.8,34.41,0.0,0.0,20.73,85.69
lowambition_cesccstechret,NJ,33.22,44.42,0.0,0.0,0.0,9.21,68.43,38.75,32.03,0.0,0.0,0.0,16.92,53.86,29.55,40.9,68.13,0.0,0.0,17.85,120.73
lowambition_base,NJ,33.23,44.81,0.0,0.0,0.0,9.23,68.8,39.57,31.58,0.0,0.0,0.0,15.9,55.24,35.43,40.45,0.0,0.0,0.0,17.94,57.94
lowambition_cesinstate50,NJ,33.23,44.59,0.0,-0.0,0.0,9.2,68.63,39.55,31.84,0.0,0.0,0.0,15.98,55.4,35.43,40.38,0.0,0.0,0.0,18.02,57.79
lowambition_cesinccsret,NJ,33.21,44.58,0.0,0.0,0.0,9.23,68.56,39.56,31.64,0.0,0.0,0.0,15.9,55.3,32.89,41.84,29.76,0.0,0.0,17.32,87.16
lowambition_cesccstechnuc35,NJ,33.24,44.61,0.0,0.0,0.0,9.19,68.66,38.62,31.67,0.0,0.0,0.0,17.05,53.24,30.27,37.91,69.87,-0.0,0.0,17.92,120.14
lowambition_cesincccstech,NJ,33.25,44.4,0.0,0.0,0.0,9.17,68.48,38.75,32.02,0.0,0.0,0.0,16.87,53.89,33.72,39.54,30.4,0.0,0.0,17.72,85.95
lowambition_cesincccs,NJ,33.24,44.47,0.0,0.0,0.0,9.19,68.53,39.55,31.68,0.0,0.0,0.0,15.91,55.32,33.99,39.33,30.21,0.0,0.0,17.21,86.32
lowambition_cesccstech,NJ,33.24,44.61,0.0,0.0,0.0,9.19,68.66,38.79,31.87,0.0,0.0,0.0,16.86,53.8,30.23,38.0,69.88,0.0,0.0,17.97,120.14
lowambition_cesccs,NJ,33.23,44.51,0.0,0.0,0.0,9.19,68.55,39.54,31.74,0.0,0.0,0.0,15.91,55.38,30.88,37.61,69.82,0.0,0.0,16.86,121.45
lowambition_cesccstechnuc45,NJ,33.26,44.14,0.0,0.0,0.0,9.17,68.23,38.81,31.69,0.0,0.0,0.0,16.81,53.69,30.29,37.8,69.87,0.0,0.0,17.77,120.2
lowng_base,NJ,23.52,25.2,0.0,0.0,0.0,5.25,43.47,29.56,32.45,0.0,0.0,0.0,6.93,55.07,27.82,39.13,0.0,0.01,0.0,8.18,58.78
lowng_cesccstechret,NJ,23.55,24.74,0.0,0.0,0.0,5.11,43.18,28.91,32.55,0.0,0.0,0.0,9.02,52.44,22.71,38.69,81.79,0.0,0.0,13.93,129.27
lowng_cesincccstechinstate,NJ,23.56,24.63,0.0,0.0,0.0,5.05,43.14,28.89,31.92,0.0,0.0,0.0,9.34,51.46,24.56,37.94,41.61,0.0,0.0,15.37,88.74
lowng_cesccstechnuc35,NJ,23.56,24.63,0.0,0.0,0.0,5.05,43.14,28.68,32.33,0.0,0.0,0.0,10.34,50.68,23.34,36.29,82.96,0.0,0.0,13.32,129.26
lowng_cesincccstech,NJ,23.56,24.63,0.0,0.0,0.0,5.05,43.14,28.95,32.54,0.0,0.0,0.0,8.94,52.55,25.96,38.02,38.62,0.0,0.0,12.36,90.24
lowng_ces,NJ,23.53,25.16,0.0,0.0,0.0,5.18,43.51,29.57,32.48,0.0,0.0,0.0,6.95,55.1,27.81,39.17,0.0,0.06,0.0,8.18,58.86
lowng_cesccstechnuc45,NJ,23.56,24.7,0.0,0.0,0.0,5.07,43.2,28.94,32.56,0.0,0.0,0.0,8.96,52.54,23.35,36.23,82.98,0.0,0.0,13.35,129.21
lowng_cesincccs,NJ,23.52,25.23,0.0,0.0,0.0,5.25,43.49,29.56,32.25,0.0,0.0,0.0,6.95,54.86,26.57,38.03,37.75,0.0,0.0,9.93,92.43
lowng_cesinstate50,NJ,23.52,25.08,0.0,0.0,0.0,5.14,43.47,29.57,32.34,0.0,0.0,0.0,6.93,54.97,28.35,39.0,0.0,0.0,0.0,11.04,56.31
lowng_cesinccsret,NJ,23.5,26.22,0.0,0.0,0.0,5.38,44.34,29.51,32.47,0.0,0.0,0.0,7.08,54.9,26.08,41.6,36.02,0.0,0.0,9.97,93.73
lowng_cesccstech,NJ,23.56,24.63,0.0,0.0,0.0,5.05,43.14,28.95,32.54,0.0,0.0,0.0,8.94,52.55,23.33,36.29,82.97,0.0,0.0,13.31,129.28
lowng_cesccs,NJ,23.51,25.23,0.0,0.0,0.0,5.24,43.51,29.56,32.43,0.0,0.0,0.0,6.92,55.07,23.79,35.68,83.55,-0.0,0.0,13.54,129.48
highestamb_cesccs,NJ,28.2,26.04,0.0,0.0,0.0,6.55,47.69,37.84,32.88,0.0,0.0,0.0,11.73,58.99,10.88,0.0,0.0,0.0,0.0,6.43,4.45
highestamb_ces,NJ,28.2,26.04,0.0,0.0,0.0,6.55,47.69,37.84,32.88,0.0,0.0,0.0,11.73,58.99,10.89,0.0,0.0,-0.0,0.0,6.36,4.53
highestamb_cesincccstech,NJ,28.27,25.21,0.0,0.0,0.0,6.48,47.0,37.21,32.87,0.0,0.0,0.0,13.26,56.82,10.63,0.0,0.0,0.0,0.0,6.85,3.78
highestamb_cesinstate50,NJ,28.19,26.09,0.0,0.0,0.0,6.56,47.72,37.84,32.78,0.0,0.0,0.0,11.64,58.98,11.0,0.0,0.0,-0.0,0.0,6.93,4.07
highestamb_cesccstechnuc35,NJ,28.27,25.21,0.0,0.0,0.0,6.48,47.0,36.76,32.4,0.0,0.0,0.0,14.93,54.22,10.63,0.0,0.0,0.0,0.0,6.9,3.73
highestamb_cesincccs,NJ,28.19,26.12,0.0,0.0,0.0,6.56,47.76,37.85,32.67,0.0,0.0,0.0,11.6,58.92,10.87,0.0,0.0,0.0,0.0,6.53,4.34
highestamb_cesccstechnuc45,NJ,28.27,25.21,0.0,0.0,0.0,6.48,47.0,37.21,32.87,0.0,0.0,0.0,13.26,56.82,10.64,0.0,0.0,0.0,0.0,6.88,3.77
highestamb_cesincccstechinstate,NJ,28.27,25.21,0.0,0.0,0.0,6.48,47.0,37.27,32.21,0.0,0.0,0.0,13.22,56.26,9.61,0.0,0.0,0.0,0.0,18.57,-8.97
highestamb_cesinccsret,NJ,28.14,27.66,0.0,0.0,0.0,6.63,49.18,37.83,32.9,0.0,0.0,0.0,11.75,58.98,10.89,0.0,0.0,0.0,0.0,6.37,4.52
highestamb_cesccstechret,NJ,28.28,25.05,0.0,0.0,0.0,6.45,46.88,37.23,32.69,0.0,0.0,0.0,13.23,56.7,10.65,0.0,0.0,0.0,0.0,6.8,3.85
highestamb_base,NJ,28.19,26.09,0.0,0.0,0.0,6.56,47.71,37.83,32.87,0.0,-0.0,0.0,11.69,59.01,10.88,0.0,0.0,0.0,0.0,6.5,4.38
highestamb_cesccstech,NJ,28.27,25.21,0.0,0.0,0.0,6.48,47.0,37.21,32.87,0.0,0.0,0.0,13.26,56.82,10.63,0.0,0.0,0.0,0.0,6.84,3.79
lownuclear_ces,NJ,28.19,26.02,0.0,0.0,0.0,6.57,47.64,37.84,32.72,0.0,0.0,0.0,11.62,58.93,34.06,41.39,0.0,0.0,0.0,14.28,61.17
lownuclear_cesincccs,NJ,28.18,26.04,0.0,0.0,0.0,6.54,47.68,37.84,32.75,0.0,-0.0,0.0,11.63,58.95,33.02,40.67,17.59,0.0,0.0,15.54,75.73
lownuclear_cesccstech,NJ,28.28,25.24,0.0,0.0,0.0,6.46,47.06,37.22,32.84,0.0,-0.0,0.0,13.27,56.79,29.27,38.51,49.45,0.0,0.0,17.16,100.06
lownuclear_cesinstate50,NJ,28.15,27.55,0.0,0.0,0.0,6.6,49.1,37.86,32.63,0.0,-0.0,0.0,11.64,58.85,34.92,40.85,0.0,0.0,0.0,15.9,59.87
lownuclear_cesccstechret,NJ,28.26,25.44,0.0,0.0,0.0,6.5,47.2,37.21,32.95,0.0,0.0,0.0,13.28,56.88,28.23,41.74,47.89,0.0,0.0,17.03,100.84
lownuclear_cesinccsret,NJ,28.17,27.3,0.0,0.0,0.0,6.6,48.87,37.83,32.9,0.0,0.0,0.0,11.73,59.0,31.8,43.42,20.64,0.0,0.0,15.69,80.17
lownuclear_cesccstechnuc35,NJ,28.28,25.24,0.0,0.0,0.0,6.46,47.06,36.76,32.43,0.0,0.0,0.0,14.94,54.25,29.27,38.53,49.4,0.0,0.0,17.29,99.92
lownuclear_cesccstechnuc45,NJ,28.28,25.24,0.0,0.0,0.0,6.46,47.06,37.22,32.84,0.0,-0.0,0.0,13.27,56.79,29.26,38.54,49.42,0.0,0.0,17.13,100.09
lownuclear_cesincccstech,NJ,28.28,25.24,0.0,0.0,0.0,6.46,47.06,37.22,32.84,0.0,-0.0,0.0,13.27,56.79,32.39,40.8,22.09,0.0,0.0,17.77,77.51
lownuclear_base,NJ,28.15,27.35,0.0,0.0,0.0,6.59,48.91,37.84,32.72,0.0,0.0,0.0,11.65,58.92,34.07,41.39,0.0,0.0,0.0,14.3,61.15
lownuclear_cesccs,NJ,28.19,26.02,0.0,0.0,0.0,6.57,47.64,37.84,32.72,0.0,0.0,0.0,11.62,58.93,29.68,38.54,49.72,0.0,0.0,17.73,100.21
lownuclear_cesincccstechinstate,NJ,28.28,25.24,0.0,0.0,0.0,6.46,47.06,37.28,32.21,0.0,0.0,0.0,13.23,56.26,30.02,40.24,24.25,0.0,0.0,19.33,75.18
batterieshigh_cesincccstech,NJ,28.23,25.59,0.0,0.0,0.0,6.51,47.31,37.21,33.03,0.0,0.0,0.0,13.63,56.61,32.62,40.46,31.73,0.0,0.0,16.46,88.36
batterieshigh_cesccs,NJ,28.14,28.55,0.0,0.0,0.0,6.59,50.1,37.77,33.16,0.0,0.0,0.0,11.91,59.02,29.24,38.05,72.5,0.0,0.0,17.09,122.7
batterieshigh_cesccsret,NJ,28.15,27.98,0.0,0.0,0.0,6.6,49.53,37.75,33.29,0.0,0.0,0.0,11.98,59.05,27.73,41.63,70.98,0.0,0.0,16.45,123.89
batterieshigh_base,NJ,28.17,27.17,0.0,0.0,0.0,6.58,48.76,37.81,32.96,0.0,-0.0,0.0,11.82,58.94,33.94,41.65,0.0,0.0,0.0,14.16,61.44
batterieshigh_cesinstate50,NJ,28.14,28.97,0.0,-0.0,0.0,6.62,50.49,37.75,33.29,0.0,0.0,0.0,12.01,59.02,34.8,41.24,0.0,0.0,0.0,16.1,59.95
batterieshigh_cesccstech,NJ,28.24,25.49,0.0,0.0,0.0,6.49,47.24,37.2,33.13,0.0,0.0,0.0,13.65,56.68,28.23,38.61,73.1,-0.0,0.0,17.59,122.35
batterieshigh_cesinccsret,NJ,28.17,27.41,0.0,0.0,0.0,6.61,48.97,37.75,33.28,0.0,0.0,0.0,11.98,59.05,31.53,43.69,30.56,0.0,0.0,14.05,91.73
batterieshigh_ces,NJ,28.14,28.55,0.0,0.0,0.0,6.59,50.1,37.77,33.16,0.0,0.0,0.0,11.91,59.02,33.97,41.45,0.0,0.0,0.0,14.23,61.19
batterieshigh_cesccstechnuc35,NJ,28.23,25.59,0.0,0.0,0.0,6.51,47.31,36.83,32.59,0.0,0.0,0.0,15.21,54.21,28.28,38.18,73.37,0.0,0.0,17.42,122.41
batterieshigh_cesincccstechinstate,NJ,28.23,25.59,0.0,0.0,0.0,6.51,47.31,37.25,32.49,0.0,0.0,0.0,13.44,56.29,30.26,40.64,35.85,0.0,0.0,19.22,87.53
batterieshigh_cesccstechret,NJ,28.24,25.54,0.0,0.0,0.0,6.53,47.25,37.21,32.95,0.0,0.0,0.0,13.56,56.6,27.08,42.05,71.18,0.0,0.0,17.37,122.95
batterieshigh_cesccstechnuc45,NJ,28.3,24.81,0.0,0.0,0.0,6.42,46.7,37.2,32.99,0.0,0.0,0.0,13.51,56.69,28.31,38.23,73.29,0.0,0.0,17.2,122.63
batterieshigh_cesincccs,NJ,28.17,26.78,0.0,0.0,0.0,6.61,48.35,37.79,33.07,0.0,0.0,0.0,11.87,58.99,33.07,40.64,30.92,0.0,0.0,13.79,90.84
highdemand_cesinstate50,NJ,29.62,47.23,0.0,0.0,0.0,5.94,70.9,36.84,37.67,0.0,0.0,0.0,12.55,61.96,33.46,43.68,0.0,0.0,0.0,15.05,62.09
highdemand_cesincccstech,NJ,29.68,47.07,0.0,0.0,0.0,5.93,70.82,36.56,37.25,0.0,0.0,0.0,13.02,60.79,31.92,42.68,31.61,0.0,0.0,14.27,91.94
highdemand_cesinccsret,NJ,29.56,47.36,0.0,0.0,0.0,5.96,70.95,36.85,37.6,0.0,0.0,0.0,12.57,61.88,30.64,45.84,30.78,0.0,0.0,12.63,94.63
highdemand_cesccs,NJ,29.67,47.05,0.0,0.0,0.0,5.91,70.8,36.86,37.63,0.0,0.0,0.0,12.52,61.97,28.41,41.52,70.5,0.0,0.0,15.68,124.74
highdemand_cesincccs,NJ,29.65,47.09,0.0,0.0,0.0,5.93,70.81,36.85,37.65,0.0,0.0,0.0,12.54,61.96,31.71,42.84,31.4,0.0,0.0,12.62,93.34
highdemand_base,NJ,29.57,47.4,0.0,0.0,0.0,5.93,71.04,36.82,37.67,0.0,0.0,0.0,12.58,61.91,32.77,43.72,0.0,0.0,0.0,13.59,62.91
highdemand_cesincccstechinstate,NJ,29.68,47.07,0.0,0.0,0.0,5.93,70.82,36.56,37.14,0.0,0.0,0.0,13.07,60.63,29.85,43.13,34.83,0.01,0.0,18.33,89.48
highdemand_cesccstechnuc35,NJ,29.68,47.07,0.0,0.0,0.0,5.93,70.82,36.39,37.02,0.0,0.0,0.0,13.41,59.99,28.11,41.52,70.33,0.0,0.0,16.07,123.89
highdemand_cesccstechnuc45,NJ,29.68,47.07,0.0,0.0,0.0,5.93,70.82,36.56,37.25,0.0,0.0,0.0,13.02,60.79,28.08,41.54,70.37,0.0,0.0,16.41,123.59
highdemand_cesccstechret,NJ,29.61,47.25,0.0,0.0,0.0,6.0,70.86,36.56,37.26,0.0,0.0,0.0,12.99,60.83,27.14,44.37,68.89,0.0,0.0,16.22,124.19
highdemand_ces,NJ,29.65,47.17,0.0,0.0,0.0,5.92,70.9,36.85,37.65,0.0,0.0,0.0,12.56,61.95,32.88,43.59,0.0,5.22,0.0,13.6,68.08
highdemand_cesccstech,NJ,29.68,47.07,0.0,0.0,0.0,5.93,70.82,36.56,37.25,0.0,0.0,0.0,13.02,60.79,28.07,41.7,70.25,0.0,0.0,16.43,123.6
batterieslow_cesccstechnuc45,NJ,28.26,25.33,0.0,0.0,0.0,6.45,47.15,37.27,32.55,0.0,0.0,0.0,13.21,56.6,28.3,37.7,72.97,0.0,0.0,16.82,122.15
batterieslow_cesccsret,NJ,28.2,25.95,0.0,0.0,0.0,6.56,47.59,37.89,32.63,0.0,0.0,0.0,11.68,58.84,27.84,40.93,70.79,0.0,0.0,16.42,123.14
batterieslow_cesincccstech,NJ,28.26,25.33,0.0,0.0,0.0,6.45,47.15,37.27,32.55,0.0,0.0,0.0,13.21,56.6,32.7,39.99,31.46,0.0,0.0,15.74,88.41
batterieslow_cesccs,NJ,28.22,25.87,0.0,0.0,0.0,6.51,47.58,37.89,32.63,0.0,0.0,0.0,11.68,58.84,29.3,37.48,72.38,0.0,0.0,16.68,122.48
batterieslow_ces,NJ,28.27,25.54,0.0,0.0,0.0,6.44,47.36,37.9,32.41,0.0,0.0,0.0,11.49,58.83,33.97,40.98,0.0,0.11,0.0,13.99,61.07
batterieslow_cesccstech,NJ,28.26,25.33,0.0,0.0,0.0,6.45,47.15,37.27,32.55,0.0,0.0,0.0,13.21,56.6,28.3,37.68,72.99,0.0,0.0,16.84,122.14
batterieslow_cesinstate50,NJ,28.22,25.84,0.0,0.0,0.0,6.5,47.57,37.89,32.63,0.0,0.0,0.0,11.68,58.84,34.91,40.56,0.0,0.0,0.0,15.89,59.58
batterieslow_base,NJ,28.24,25.72,0.0,0.0,0.0,6.48,47.47,37.94,32.31,0.0,0.0,0.0,11.52,58.73,33.99,40.94,0.0,0.0,0.0,14.01,60.91
batterieslow_cesccstechret,NJ,28.29,24.83,0.0,0.0,0.0,6.44,46.68,37.25,32.53,0.0,0.0,0.0,13.2,56.59,27.3,41.11,71.07,0.0,0.0,16.88,122.59
batterieslow_cesincccs,NJ,28.21,25.89,0.0,0.0,0.0,6.51,47.59,37.92,32.38,0.0,0.0,0.0,11.55,58.75,33.26,39.87,30.84,0.0,0.0,13.65,90.32
batterieslow_cesccstechnuc35,NJ,28.26,25.33,0.0,0.0,0.0,6.45,47.15,36.79,32.16,0.0,0.0,0.0,14.92,54.03,28.26,37.9,72.96,0.0,0.0,17.16,121.96
batterieslow_cesinccsret,NJ,28.2,25.95,0.0,0.0,0.0,6.56,47.59,37.89,32.63,0.0,0.0,0.0,11.68,58.84,31.53,43.05,30.37,0.0,0.0,13.94,91.01
batterieslow_cesincccstechinstate,NJ,28.26,25.33,0.0,0.0,0.0,6.45,47.15,37.28,32.12,0.0,0.0,0.0,13.2,56.2,30.4,40.16,35.61,0.0,0.0,19.28,86.89
highsolar_cesccs,NJ,28.31,31.26,0.0,0.0,0.0,6.39,53.18,37.59,33.01,0.0,0.0,0.0,10.26,60.34,29.1,38.1,73.81,0.0,0.0,15.2,125.81
highsolar_cesccstechret,NJ,28.33,30.87,0.0,0.0,0.0,6.41,52.79,36.95,33.2,0.0,0.0,0.0,12.03,58.12,27.85,41.66,71.69,0.0,0.0,15.04,126.16
highsolar_cesincccs,NJ,28.31,32.72,0.0,0.0,0.0,6.4,54.64,37.57,33.14,0.0,0.0,0.0,10.33,60.39,32.58,40.38,33.01,0.0,0.0,12.38,93.59
highsolar_cesccstechnuc45,NJ,28.33,27.89,0.0,0.0,0.0,6.4,49.82,36.95,32.96,0.0,-0.0,0.0,12.0,57.91,28.73,38.57,73.45,0.0,0.0,15.28,125.47
highsolar_base,NJ,28.32,31.55,0.0,0.0,0.0,6.38,53.49,37.58,33.17,0.0,0.0,0.0,10.39,60.36,33.51,41.88,0.0,-0.0,0.0,12.55,62.85
highsolar_cesccstechnuc35,NJ,28.33,27.89,0.0,0.0,0.0,6.4,49.82,36.39,32.66,0.0,0.0,0.0,13.43,55.63,28.75,38.55,73.44,0.0,0.0,15.44,125.3
highsolar_ces,NJ,28.31,31.26,0.0,0.0,0.0,6.39,53.18,37.59,33.01,0.0,0.0,0.0,10.26,60.34,33.66,41.5,0.0,0.08,0.0,12.41,62.82
highsolar_cesccstech,NJ,28.33,27.89,0.0,0.0,0.0,6.4,49.82,36.95,32.96,0.0,-0.0,0.0,12.0,57.91,28.73,38.57,73.44,0.0,0.0,15.25,125.49
highsolar_cesincccstech,NJ,28.33,27.89,0.0,0.0,0.0,6.4,49.82,36.95,32.96,0.0,-0.0,0.0,12.0,57.91,31.8,40.64,33.6,0.0,0.0,14.49,91.55
highsolar_cesincccstechinstate,NJ,28.33,27.89,0.0,0.0,0.0,6.4,49.82,36.93,32.56,0.0,0.0,0.0,12.0,57.5,29.98,40.8,35.9,0.0,0.0,17.72,88.94
highsolar_cesinccsret,NJ,28.32,33.89,0.0,0.0,0.0,6.41,55.81,37.58,33.1,0.0,0.0,0.0,10.31,60.36,31.58,43.67,31.8,0.0,0.0,11.91,95.14
highsolar_cesinstate50,NJ,28.34,31.68,0.0,0.0,0.0,6.41,53.61,37.57,33.19,0.0,-0.0,0.0,10.38,60.38,34.31,41.44,0.0,0.0,0.0,13.97,61.78
highnuclear_ces,NJ,28.18,26.18,0.0,0.0,0.0,6.56,47.79,37.83,32.86,0.0,0.0,0.0,11.69,59.0,33.86,41.52,0.0,0.0,0.0,14.11,61.27
highnuclear_cesincccstech,NJ,28.27,25.37,0.0,0.0,0.0,6.45,47.19,37.23,32.68,0.0,0.0,0.0,13.25,56.66,31.85,37.48,56.5,0.0,0.0,13.33,112.5
highnuclear_cesccstechnuc35,NJ,28.27,25.37,0.0,0.0,0.0,6.45,47.19,36.76,32.46,0.0,0.0,0.0,14.94,54.28,26.3,34.09,138.67,0.0,0.0,15.59,183.47
highnuclear_cesinccsret,NJ,28.15,27.7,0.0,0.0,0.0,6.61,49.24,37.82,32.91,0.0,0.0,0.0,11.7,59.02,29.86,41.36,57.19,0.0,0.0,13.86,114.54
highnuclear_base,NJ,28.17,26.46,0.0,0.0,0.0,6.61,48.02,37.83,32.89,0.0,0.0,0.0,11.74,58.99,33.89,41.34,0.0,-0.0,0.0,14.07,61.16
highnuclear_cesincccs,NJ,28.18,26.09,0.0,0.0,0.0,6.58,47.7,37.84,32.88,0.0,0.0,0.0,11.74,58.98,31.64,37.39,57.7,0.0,0.0,13.89,112.84
highnuclear_cesccs,NJ,28.17,26.91,0.0,0.0,0.0,6.56,48.52,37.84,32.88,0.0,0.0,0.0,11.75,58.98,26.2,34.35,138.37,0.0,0.0,15.59,183.33
highnuclear_cesccstechnuc45,NJ,28.27,25.37,0.0,0.0,0.0,6.45,47.19,37.23,32.68,0.0,0.0,0.0,13.25,56.66,26.44,33.71,138.87,0.0,0.0,15.13,183.89
highnuclear_cesinstate50,NJ,28.14,27.64,0.0,-0.0,0.0,6.61,49.18,37.84,32.91,0.0,0.0,0.0,11.76,58.98,34.71,41.22,0.0,0.0,0.0,15.98,59.95
highnuclear_cesccstech,NJ,28.27,25.37,0.0,0.0,0.0,6.45,47.19,37.23,32.68,0.0,0.0,0.0,13.25,56.66,26.37,33.75,139.0,0.0,0.0,15.15,183.97
highnuclear_cesincccstechinstate,NJ,28.27,25.37,0.0,0.0,0.0,6.45,47.19,37.27,32.23,0.0,0.0,0.0,13.23,56.28,26.68,38.39,76.99,0.0,0.0,21.22,120.84
highnuclear_cesccstechret,NJ,28.23,25.79,0.0,0.0,0.0,6.55,47.47,37.19,32.98,0.0,0.0,0.0,13.3,56.87,25.51,37.54,136.93,-0.0,0.0,14.87,185.1
lowdemand_cesccstechnuc45,NJ,27.53,16.8,0.0,0.0,0.0,6.01,38.32,36.98,29.47,0.0,0.0,0.0,15.28,51.18,28.52,35.72,74.86,0.01,0.0,18.19,120.91
lowdemand_cesccstechret,NJ,27.53,16.87,0.0,0.0,0.0,6.02,38.38,36.94,29.58,0.0,0.0,0.0,15.25,51.27,27.38,39.7,72.63,0.0,0.0,18.43,121.29
lowdemand_cesccstech,NJ,27.53,16.8,0.0,0.0,0.0,6.01,38.32,36.98,29.47,0.0,0.0,0.0,15.28,51.18,28.53,35.75,74.84,0.01,0.0,18.18,120.94
lowdemand_cesincccs,NJ,27.53,16.88,0.0,0.0,0.0,6.03,38.38,37.66,29.7,0.0,0.0,0.0,12.32,55.04,33.19,38.02,30.67,0.0,0.0,14.94,86.94
lowdemand_base,NJ,27.53,16.88,0.0,0.0,0.0,6.03,38.38,37.67,29.58,0.0,0.0,0.0,12.29,54.96,34.03,39.47,0.0,0.0,0.0,15.42,58.08
lowdemand_cesccs,NJ,27.53,16.88,0.0,0.0,0.0,6.03,38.38,37.66,29.67,0.0,0.0,0.0,12.31,55.03,29.59,35.64,73.68,0.0,0.0,17.58,121.33
lowdemand_cesinstate50,NJ,27.53,16.88,0.0,0.0,0.0,6.03,38.38,37.66,29.69,0.0,0.0,0.0,12.33,55.02,34.81,39.3,0.0,0.01,0.0,16.97,57.15
lowdemand_cesccstechnuc35,NJ,27.53,16.8,0.0,0.0,0.0,6.01,38.32,36.54,29.34,0.0,0.0,0.0,16.97,48.91,28.58,35.65,74.82,0.01,0.0,18.25,120.81
lowdemand_cesinccsret,NJ,27.53,16.88,0.0,0.0,0.0,6.03,38.38,37.65,29.67,0.0,0.0,0.0,12.32,55.0,31.67,42.03,29.67,0.0,0.0,14.9,88.46
lowdemand_cesincccstechinstate,NJ,27.53,16.8,0.0,0.0,0.0,6.01,38.32,37.05,28.67,0.0,0.0,0.0,15.17,50.55,30.08,38.05,37.0,0.0,0.0,20.98,84.14
lowdemand_cesincccstech,NJ,27.53,16.8,0.0,0.0,0.0,6.01,38.32,36.98,29.47,0.0,0.0,0.0,15.28,51.18,32.36,37.9,31.86,0.0,0.0,17.94,84.18
lowdemand_ces,NJ,27.53,16.88,0.0,0.0,0.0,6.03,38.38,37.66,29.67,0.0,0.0,0.0,12.31,55.03,34.0,39.56,0.0,0.03,0.0,15.47,58.12
hightx_cesinstate50,NJ,29.31,21.46,0.0,0.0,0.0,3.97,46.79,37.29,29.44,0.0,0.0,0.0,17.18,49.55,34.2,36.28,0.0,0.0,0.0,18.55,51.94
hightx_cesincccs,NJ,29.31,20.95,0.0,0.0,0.0,3.96,46.31,37.31,29.4,0.0,0.0,0.0,17.13,49.58,33.05,35.22,31.81,0.0,0.0,20.24,79.83
hightx_cesccsret,NJ,29.32,21.78,0.0,0.0,0.0,3.98,47.12,37.29,29.45,0.0,0.0,0.0,17.21,49.53,29.65,38.44,68.99,0.0,0.0,22.01,115.07
hightx_cesincccstechinstate,NJ,29.29,20.19,0.0,0.0,0.0,3.91,45.56,36.99,29.26,0.0,0.0,0.0,19.14,47.11,32.57,35.96,35.72,0.01,0.0,27.31,76.95
hightx_ces,NJ,29.32,20.97,0.0,0.0,0.0,3.96,46.32,37.31,29.4,0.0,0.0,0.0,17.14,49.57,34.19,36.57,0.0,0.05,0.0,19.11,51.7
hightx_cesccstechnuc35,NJ,29.3,19.46,0.0,0.0,0.0,3.88,44.88,36.78,29.58,0.0,0.0,0.0,19.61,46.74,31.64,34.78,69.86,0.0,0.0,25.85,110.42
hightx_cesincccstech,NJ,29.29,20.19,0.0,0.0,0.0,3.91,45.56,36.93,29.54,0.0,0.0,0.0,19.05,47.42,32.78,35.61,32.11,0.0,0.0,23.75,76.74
hightx_cesccstechnuc45,NJ,29.29,20.19,0.0,0.0,0.0,3.91,45.56,36.93,29.54,0.0,0.0,0.0,19.05,47.42,31.68,34.68,69.87,0.0,0.0,25.85,110.38
hightx_cesccstech,NJ,29.29,20.19,0.0,0.0,0.0,3.91,45.56,36.93,29.54,0.0,0.0,0.0,19.05,47.42,31.67,34.72,69.85,0.0,0.0,25.91,110.33
hightx_cesccs,NJ,29.31,21.29,0.0,0.0,0.0,3.97,46.63,37.37,29.24,0.0,0.0,0.0,17.15,49.46,32.14,34.65,69.84,0.0,0.0,23.96,112.66
hightx_cesccstechret,NJ,29.31,19.61,0.0,0.0,0.0,3.88,45.04,36.9,29.63,0.0,0.0,0.0,18.99,47.54,29.25,38.55,68.94,0.0,0.0,23.73,113.01
hightx_cesinccsret,NJ,29.32,22.19,0.0,0.0,0.0,4.0,47.51,37.29,29.44,0.0,0.0,0.0,17.28,49.45,30.25,39.23,31.39,0.0,0.0,19.15,81.72
hightx_base,NJ,29.33,21.39,0.0,0.0,0.0,3.98,46.74,37.29,29.46,0.0,0.0,0.0,17.18,49.56,34.17,36.61,0.0,-0.0,0.0,19.11,51.67
lowsolar_ces,NJ,28.6,24.47,0.0,0.0,0.0,6.82,46.25,37.64,33.26,0.0,0.0,0.0,12.78,58.12,34.27,41.25,0.0,0.0,0.0,15.37,60.15
lowsolar_cesccstechnuc35,NJ,28.6,24.03,0.0,0.0,0.0,6.85,45.78,36.62,32.74,0.0,0.0,0.0,15.82,53.54,27.81,38.71,72.02,0.0,0.0,17.22,121.32
lowsolar_cesccstechret,NJ,28.59,24.3,0.0,0.0,0.0,6.86,46.03,37.03,33.25,0.0,0.0,0.0,14.39,55.9,26.62,41.76,70.54,0.0,0.0,16.97,121.95
lowsolar_cesincccstechinstate,NJ,28.6,24.06,0.0,0.0,0.0,6.85,45.81,37.09,32.59,0.0,0.0,0.0,14.28,55.4,30.19,40.27,35.77,0.03,0.0,20.67,85.6
lowsolar_cesccs,NJ,28.6,24.47,0.0,0.0,0.0,6.82,46.25,37.64,33.26,0.0,0.0,0.0,12.78,58.12,28.59,38.26,71.95,0.0,0.0,16.55,122.25
lowsolar_cesincccstech,NJ,28.6,24.06,0.0,0.0,0.0,6.85,45.81,37.04,33.25,0.0,0.0,0.0,14.41,55.88,32.41,39.23,30.57,0.0,0.0,15.16,87.05
lowsolar_cesincccs,NJ,28.61,24.42,0.0,0.0,0.0,6.82,46.21,37.64,33.25,0.0,0.0,0.0,12.77,58.11,33.09,40.01,30.21,0.0,0.0,14.19,89.13
lowsolar_base,NJ,28.62,24.36,0.0,0.0,0.0,6.79,46.18,37.64,33.24,0.0,0.0,0.0,12.77,58.11,34.2,41.44,0.0,0.0,0.0,15.46,60.18
lowsolar_cesccstech,NJ,28.6,24.03,0.0,0.0,0.0,6.85,45.78,37.04,33.25,0.0,0.0,0.0,14.4,55.89,27.81,38.49,72.08,0.0,0.0,17.25,121.13
lowsolar_cesinstate50,NJ,28.61,24.67,0.0,0.0,0.0,6.81,46.47,37.64,33.27,0.0,0.0,0.0,12.78,58.12,34.61,41.33,0.0,0.0,0.0,16.39,59.55
lowsolar_cesccstechnuc45,NJ,28.6,23.83,0.0,0.0,0.0,6.83,45.59,37.07,32.96,0.0,0.0,0.0,14.25,55.79,27.85,38.49,72.08,0.0,0.0,17.12,121.3
lowsolar_cesinccsret,NJ,28.6,24.61,0.0,0.0,0.0,6.84,46.37,37.64,33.26,0.0,0.0,0.0,12.78,58.12,31.13,43.33,29.88,0.0,0.0,14.23,90.11